{
  "model_name": "wordpiece_transformer",
  "dataset_name": "amazon",
  "tokenizer": "wordpiece",
  "embedding_dim": 128,
  "aggregation_method": "mean",
  "attention_config": {
    "n_layers": 2,
    "n_head": 4,
    "n_kv_head": 4,
    "positional_encoding": true,
    "sequence_len": 128
  },
  "categorical_cols": [
    "product_category"
  ],
  "train_size": 50000,
  "test_size": 5000,
  "test_accuracy": 0.5462,
  "test_f1_macro": 0.5501,
  "train_time_s": 348.4,
  "timestamp": "2026-05-05T10:02:34.246156",
  "classification_report": {
    "1star": {
      "precision": 0.669735327963176,
      "recall": 0.582,
      "f1-score": 0.622792937399679,
      "support": 1000.0
    },
    "2stars": {
      "precision": 0.446311858076564,
      "recall": 0.478,
      "f1-score": 0.46161274746499276,
      "support": 1000.0
    },
    "3stars": {
      "precision": 0.4257602862254025,
      "recall": 0.476,
      "f1-score": 0.449480642115203,
      "support": 1000.0
    },
    "4stars": {
      "precision": 0.5196850393700787,
      "recall": 0.528,
      "f1-score": 0.5238095238095238,
      "support": 1000.0
    },
    "5stars": {
      "precision": 0.7203023758099352,
      "recall": 0.667,
      "f1-score": 0.6926272066458983,
      "support": 1000.0
    },
    "accuracy": 0.5462,
    "macro avg": {
      "precision": 0.5563589774890312,
      "recall": 0.5462,
      "f1-score": 0.5500646114870593,
      "support": 5000.0
    },
    "weighted avg": {
      "precision": 0.5563589774890313,
      "recall": 0.5462,
      "f1-score": 0.5500646114870594,
      "support": 5000.0
    }
  }
}