{
  "model_name": "wordpiece_transformer",
  "dataset_name": "imdb",
  "tokenizer": "wordpiece",
  "embedding_dim": 128,
  "aggregation_method": "mean",
  "attention_config": {
    "n_layers": 2,
    "n_head": 4,
    "n_kv_head": 4,
    "positional_encoding": true,
    "sequence_len": 128
  },
  "categorical_cols": [],
  "train_size": 20000,
  "test_size": 5000,
  "test_accuracy": 0.7808,
  "test_f1_macro": 0.7807,
  "train_time_s": 312.8,
  "timestamp": "2026-05-05T09:55:56.243546",
  "classification_report": {
    "negative": {
      "precision": 0.7886044591246903,
      "recall": 0.7658380112269446,
      "f1-score": 0.7770545158665582,
      "support": 2494.0
    },
    "positive": {
      "precision": 0.773467804499612,
      "recall": 0.7956903431763767,
      "f1-score": 0.7844217151848938,
      "support": 2506.0
    },
    "accuracy": 0.7808,
    "macro avg": {
      "precision": 0.7810361318121513,
      "recall": 0.7807641772016607,
      "f1-score": 0.780738115525726,
      "support": 5000.0
    },
    "weighted avg": {
      "precision": 0.7810179678266012,
      "recall": 0.7808,
      "f1-score": 0.780746956164908,
      "support": 5000.0
    }
  }
}