{
  "model_name": "fasttext",
  "dataset_name": "20newsgroups",
  "tokenizer": "ngram",
  "embedding_dim": 128,
  "aggregation_method": "mean",
  "attention_config": null,
  "categorical_cols": [],
  "train_size": 10000,
  "test_size": 2000,
  "test_accuracy": 0.632,
  "test_f1_macro": 0.6249,
  "train_time_s": 417.1,
  "timestamp": "2026-05-05T08:52:32.314849",
  "classification_report": {
    "alt.atheism": {
      "precision": 0.5,
      "recall": 0.39361702127659576,
      "f1-score": 0.44047619047619047,
      "support": 94.0
    },
    "comp.graphics": {
      "precision": 0.5909090909090909,
      "recall": 0.625,
      "f1-score": 0.6074766355140186,
      "support": 104.0
    },
    "comp.os.ms-windows.misc": {
      "precision": 0.5892857142857143,
      "recall": 0.6285714285714286,
      "f1-score": 0.6082949308755761,
      "support": 105.0
    },
    "comp.sys.ibm.pc.hardware": {
      "precision": 0.5,
      "recall": 0.6363636363636364,
      "f1-score": 0.56,
      "support": 99.0
    },
    "comp.sys.mac.hardware": {
      "precision": 0.5934065934065934,
      "recall": 0.5346534653465347,
      "f1-score": 0.5625,
      "support": 101.0
    },
    "comp.windows.x": {
      "precision": 0.7528089887640449,
      "recall": 0.6504854368932039,
      "f1-score": 0.6979166666666666,
      "support": 103.0
    },
    "misc.forsale": {
      "precision": 0.7,
      "recall": 0.7433628318584071,
      "f1-score": 0.721030042918455,
      "support": 113.0
    },
    "rec.autos": {
      "precision": 0.4527027027027027,
      "recall": 0.7204301075268817,
      "f1-score": 0.5560165975103735,
      "support": 93.0
    },
    "rec.motorcycles": {
      "precision": 0.6907216494845361,
      "recall": 0.6568627450980392,
      "f1-score": 0.6733668341708543,
      "support": 102.0
    },
    "rec.sport.baseball": {
      "precision": 0.7640449438202247,
      "recall": 0.723404255319149,
      "f1-score": 0.7431693989071039,
      "support": 94.0
    },
    "rec.sport.hockey": {
      "precision": 0.7889908256880734,
      "recall": 0.7678571428571429,
      "f1-score": 0.7782805429864253,
      "support": 112.0
    },
    "sci.crypt": {
      "precision": 0.7653061224489796,
      "recall": 0.7978723404255319,
      "f1-score": 0.78125,
      "support": 94.0
    },
    "sci.electronics": {
      "precision": 0.625,
      "recall": 0.45871559633027525,
      "f1-score": 0.5291005291005291,
      "support": 109.0
    },
    "sci.med": {
      "precision": 0.6915887850467289,
      "recall": 0.6788990825688074,
      "f1-score": 0.6851851851851852,
      "support": 109.0
    },
    "sci.space": {
      "precision": 0.6578947368421053,
      "recall": 0.6637168141592921,
      "f1-score": 0.6607929515418502,
      "support": 113.0
    },
    "soc.religion.christian": {
      "precision": 0.6557377049180327,
      "recall": 0.7079646017699115,
      "f1-score": 0.6808510638297872,
      "support": 113.0
    },
    "talk.politics.guns": {
      "precision": 0.5670103092783505,
      "recall": 0.5445544554455446,
      "f1-score": 0.5555555555555556,
      "support": 101.0
    },
    "talk.politics.mideast": {
      "precision": 0.8352941176470589,
      "recall": 0.7473684210526316,
      "f1-score": 0.7888888888888889,
      "support": 95.0
    },
    "talk.politics.misc": {
      "precision": 0.5084745762711864,
      "recall": 0.4225352112676056,
      "f1-score": 0.46153846153846156,
      "support": 71.0
    },
    "talk.religion.misc": {
      "precision": 0.410958904109589,
      "recall": 0.4,
      "f1-score": 0.40540540540540543,
      "support": 75.0
    },
    "accuracy": 0.632,
    "macro avg": {
      "precision": 0.6320067882811508,
      "recall": 0.625111729706531,
      "f1-score": 0.6248547940535664,
      "support": 2000.0
    },
    "weighted avg": {
      "precision": 0.638288554081249,
      "recall": 0.632,
      "f1-score": 0.631558262273288,
      "support": 2000.0
    }
  }
}