{
  "model_name": "fasttext",
  "dataset_name": "amazon",
  "tokenizer": "ngram",
  "embedding_dim": 128,
  "aggregation_method": "mean",
  "attention_config": null,
  "categorical_cols": [
    "product_category"
  ],
  "train_size": 10000,
  "test_size": 2000,
  "test_accuracy": 0.523,
  "test_f1_macro": 0.5178,
  "train_time_s": 91.0,
  "timestamp": "2026-05-05T08:14:08.488987",
  "classification_report": {
    "1star": {
      "precision": 0.651270207852194,
      "recall": 0.7305699481865285,
      "f1-score": 0.6886446886446886,
      "support": 386.0
    },
    "2stars": {
      "precision": 0.4249084249084249,
      "recall": 0.2997416020671835,
      "f1-score": 0.3515151515151515,
      "support": 387.0
    },
    "3stars": {
      "precision": 0.3958333333333333,
      "recall": 0.47381546134663344,
      "f1-score": 0.43132803632236094,
      "support": 401.0
    },
    "4stars": {
      "precision": 0.42891566265060244,
      "recall": 0.43734643734643736,
      "f1-score": 0.43309002433090027,
      "support": 407.0
    },
    "5stars": {
      "precision": 0.7017543859649122,
      "recall": 0.6682577565632458,
      "f1-score": 0.684596577017115,
      "support": 419.0
    },
    "accuracy": 0.523,
    "macro avg": {
      "precision": 0.5205364029418933,
      "recall": 0.5219462411020057,
      "f1-score": 0.5178348955660433,
      "support": 2000.0
    },
    "weighted avg": {
      "precision": 0.5215813948776337,
      "recall": 0.523,
      "f1-score": 0.5189646808456639,
      "support": 2000.0
    }
  }
}