{
  "model_name": "fasttext",
  "dataset_name": "sst2",
  "tokenizer": "ngram",
  "embedding_dim": 128,
  "aggregation_method": "mean",
  "attention_config": null,
  "categorical_cols": [],
  "train_size": 10000,
  "test_size": 872,
  "test_accuracy": 0.7649,
  "test_f1_macro": 0.7643,
  "train_time_s": 35.0,
  "timestamp": "2026-05-05T08:09:20.082106",
  "classification_report": {
    "negative": {
      "precision": 0.7794486215538847,
      "recall": 0.7266355140186916,
      "f1-score": 0.7521160822249093,
      "support": 428.0
    },
    "positive": {
      "precision": 0.7526427061310782,
      "recall": 0.8018018018018018,
      "f1-score": 0.7764449291166848,
      "support": 444.0
    },
    "accuracy": 0.7649082568807339,
    "macro avg": {
      "precision": 0.7660456638424815,
      "recall": 0.7642186579102468,
      "f1-score": 0.7642805056707971,
      "support": 872.0
    },
    "weighted avg": {
      "precision": 0.7657997380129145,
      "recall": 0.7649082568807339,
      "f1-score": 0.7645037061009968,
      "support": 872.0
    }
  }
}